{
  "numeric": {
    "start_x": {
      "count": 500.0,
      "mean": 47.2884354138,
      "std": 24.19225699569484,
      "min": 0.7678104,
      "5%": 7.77454755,
      "25%": 29.632574999999996,
      "50%": 46.13227500000001,
      "75%": 64.2246675,
      "95%": 88.28109149999999,
      "max": 104.824755,
      "skew": 0.1463679582017808,
      "missing_pct": 0.0
    },
    "start_y": {
      "count": 500.0,
      "mean": 31.974582157999997,
      "std": 19.96413834250553,
      "min": 0.0,
      "5%": 2.5212768000000043,
      "25%": 14.204315999999999,
      "50%": 31.464246000000003,
      "75%": 48.919625,
      "95%": 64.63410268,
      "max": 68.0,
      "skew": 0.13230733947440454,
      "missing_pct": 0.0
    },
    "end_x": {
      "count": 500.0,
      "mean": 50.733035472000005,
      "std": 24.615017288821253,
      "min": 2.2381905000000017,
      "5%": 11.079680850000006,
      "25%": 32.92587375000001,
      "50%": 50.111145,
      "75%": 67.9560525,
      "95%": 92.93252324999999,
      "max": 104.143725,
      "skew": 0.07356147441586727,
      "missing_pct": 0.0
    },
    "dist_to_goal": {
      "count": 500.0,
      "mean": 62.08289338728695,
      "std": 21.52283140518032,
      "min": 6.873201256242686,
      "5%": 27.423405340633824,
      "25%": 46.04042160764675,
      "50%": 62.11025739030522,
      "75%": 77.57268208249909,
      "95%": 98.13337561191891,
      "max": 107.64392755464006,
      "skew": -0.0032783709894129865,
      "missing_pct": 0.0
    },
    "dist_to_goal_norm": {
      "count": 500.0,
      "mean": 0.5912656513074948,
      "std": 0.20497934671600304,
      "min": 0.06545905958326367,
      "5%": 0.26117528895841735,
      "25%": 0.4384802057871119,
      "50%": 0.5915262608600498,
      "75%": 0.7387874484047532,
      "95%": 0.9346035772563706,
      "max": 1.0251802624251434,
      "skew": -0.00327837098941278,
      "missing_pct": 0.0
    },
    "delta_time_prev": {
      "count": 500.0,
      "mean": 2.587340000000001,
      "std": 18.061165770081104,
      "min": 0.0,
      "5%": 0.0,
      "25%": 0.0,
      "50%": 0.0,
      "75%": 0.0,
      "95%": 0.16635000000021685,
      "max": 303.2010000000005,
      "skew": 11.529372779205383,
      "missing_pct": 0.0
    },
    "speed": {
      "count": 26.0,
      "mean": 81.65601395077023,
      "std": 404.82170094486537,
      "min": 0.06902053081686355,
      "5%": 0.20637802102896632,
      "25%": 0.681877879303875,
      "50%": 1.2741837908490223,
      "75%": 3.4888679863699634,
      "95%": 9.849582286040832,
      "max": 2066.417766991841,
      "skew": 5.098686603724721,
      "missing_pct": 94.8
    },
    "speed_clipped": {
      "count": 26.0,
      "mean": 2.9476382972378894,
      "std": 4.323277786714876,
      "min": 0.06902053081686355,
      "5%": 0.20637802102896632,
      "25%": 0.681877879303875,
      "50%": 1.2741837908490223,
      "75%": 3.4888679863699634,
      "95%": 9.849582286040832,
      "max": 20.0,
      "skew": 2.877246612632371,
      "missing_pct": 94.8
    },
    "attack_progress_momentum": {
      "count": 500.0,
      "mean": 1.4631980145631702,
      "std": 10.11253942613668,
      "min": -30.029607703193786,
      "5%": -12.282843059881628,
      "25%": -2.8576830149330212,
      "50%": 0.0,
      "75%": 5.218756507031146,
      "95%": 19.125872184233554,
      "max": 47.44121005733019,
      "skew": 1.1877561704647082,
      "missing_pct": 0.0
    },
    "dynamic_pressure_index": {
      "count": 500.0,
      "mean": 0.004083099118795334,
      "std": 0.030776121105856525,
      "min": 0.0,
      "5%": 0.0,
      "25%": 0.0,
      "50%": 1.7280128955743944e-57,
      "75%": 2.3770458128578815e-15,
      "95%": 0.0024666521760606367,
      "max": 0.5282930122788344,
      "skew": 12.1363144775977,
      "missing_pct": 0.0
    },
    "pitch_control_margin": {
      "count": 500.0,
      "mean": 0.019139939578371568,
      "std": 0.2022062016875003,
      "min": -0.8525071734098406,
      "5%": -0.1960513194573532,
      "25%": -1.287325828091425e-06,
      "50%": 0.0,
      "75%": 6.922900297900322e-05,
      "95%": 0.35560233794754187,
      "max": 1.3236247285149467,
      "skew": 1.950667873531177,
      "missing_pct": 0.0
    },
    "forward_control_ratio": {
      "count": 500.0,
      "mean": 0.2629552544355632,
      "std": 0.43691487087871866,
      "min": 0.0,
      "5%": 0.0,
      "25%": 0.0,
      "50%": 0.0,
      "75%": 0.9752815932425036,
      "95%": 1.0,
      "max": 1.0,
      "skew": 1.0781983551475627,
      "missing_pct": 0.0
    },
    "pass_availability_score": {
      "count": 500.0,
      "mean": 0.644,
      "std": 0.4760023819755569,
      "min": 0.0,
      "5%": 0.0,
      "25%": 0.0,
      "50%": 1.0,
      "75%": 1.0,
      "95%": 1.0,
      "max": 1.0,
      "skew": -0.605001641481009,
      "missing_pct": 0.0
    },
    "off_ball_energy": {
      "count": 500.0,
      "mean": 0.015129521073596547,
      "std": 0.31883124526846257,
      "min": 0.0,
      "5%": 0.0,
      "25%": 0.0,
      "50%": 1.591643843420362e-05,
      "75%": 8.292987412755477e-05,
      "95%": 0.0010880060103378014,
      "max": 7.128696608569702,
      "skew": 22.346984293526116,
      "missing_pct": 0.0
    }
  },
  "categorical": {
    "type_filled": {
      "top": [
        {
          "value": "Pass",
          "count": 247
        },
        {
          "value": "Carry",
          "count": 118
        },
        {
          "value": "Recovery",
          "count": 34
        },
        {
          "value": "Interception",
          "count": 19
        },
        {
          "value": "Duel",
          "count": 19
        },
        {
          "value": "Tackle",
          "count": 9
        },
        {
          "value": "Intervention",
          "count": 9
        },
        {
          "value": "Pass_Freekick",
          "count": 8
        },
        {
          "value": "Throw-In",
          "count": 7
        },
        {
          "value": "Cross",
          "count": 6
        }
      ],
      "missing_pct": 0.0,
      "coverage_pct": 95.19999999999999
    },
    "result_filled": {
      "top": [
        {
          "value": "Successful",
          "count": 255
        },
        {
          "value": "NoResult",
          "count": 192
        },
        {
          "value": "Unsuccessful",
          "count": 51
        },
        {
          "value": "Blocked",
          "count": 2
        }
      ],
      "missing_pct": 0.0,
      "coverage_pct": 100.0
    },
    "event_context": {
      "top": [
        {
          "value": "Pass__Successful",
          "count": 210
        },
        {
          "value": "Carry__NoResult",
          "count": 118
        },
        {
          "value": "Pass__Unsuccessful",
          "count": 37
        },
        {
          "value": "Recovery__NoResult",
          "count": 34
        },
        {
          "value": "Interception__NoResult",
          "count": 19
        },
        {
          "value": "Duel__Successful",
          "count": 19
        },
        {
          "value": "Intervention__NoResult",
          "count": 9
        },
        {
          "value": "Pass_Freekick__Successful",
          "count": 8
        },
        {
          "value": "Throw-In__Successful",
          "count": 7
        },
        {
          "value": "Tackle__Unsuccessful",
          "count": 6
        }
      ],
      "missing_pct": 0.0,
      "coverage_pct": 93.4
    },
    "prev_event_context": {
      "top": [
        {
          "value": "START__START",
          "count": 474
        },
        {
          "value": "Pass__Successful",
          "count": 10
        },
        {
          "value": "Carry__NoResult",
          "count": 5
        },
        {
          "value": "Recovery__NoResult",
          "count": 2
        },
        {
          "value": "Duel__Successful",
          "count": 2
        },
        {
          "value": "Goal Kick__Successful",