{
  "Pass": 0.07682766718671794,
  "Carry": 0.16722373377786195,
  "Recovery": 0.5016100636713389,
  "Interception": 1.2373772061272061,
  "Duel": 1.5708768561413398,
  "Tackle": 1.68592264211581,
  "Throw-In": 2.01735604492552,
  "Clearance": 2.090513250272507,
  "Intervention": 2.2722819578566513,
  "Block": 3.44464937522934,
  "Pass_Freekick": 3.587876166720309,
  "Cross": 3.8228025805345394,
  "Goal Kick": 5.057146502594346,
  "Error": 8.33032086310775,
  "Shot": 9.709864445533235,
  "Pass_Corner": 12.066876395372438,
  "Catch": 13.464218313580433,
  "Take-On": 13.90074818798223,
  "Aerial Clearance": 28.703009333762473,
  "Parry": 36.78294493710043,
  "Hit": 105.53875739644971,
  "Shot_Freekick": 319.0706618962433,
  "Foul": 527.6937869822485,
  "Deflection": 980.0027472527472,
  "Penalty Kick": 6860.0192307692305,
  "Handball_Foul": 13720.038461538461
}